City,Country,Date,Max Temp,Humidity,Cloudiness,Wind Speed,Lat,Lng
Vaini,IN,1571631305,73.4,94,75,2.24,15.34,74.49
Ilulissat,GL,1571631305,19.4,62,89,2.24,69.22,-51.1
Kruisfontein,ZA,1571631306,55.29,92,97,10.65,-34.0,24.73
Kapaa,US,1571631306,82.4,78,90,8.05,22.08,-159.32
Lorengau,PG,1571631306,82.52,81,94,10.65,-2.02,147.27
Platanos,GR,1571631307,71.01,100,20,17.11,35.47,23.6
Narsaq,GL,1571631311,48.2,19,0,20.8,60.91,-46.05
Planaltina,BR,1571631312,78.8,57,75,4.7,-15.62,-47.66
Balkanabat,TM,1571631312,58.28,85,0,2.42,39.51,54.36
Ambon,FR,1571631312,51.01,100,0,5.82,47.55,-2.56
Ushuaia,AR,1571631313,29.6,93,13,4.21,-54.81,-68.31
Hami,CN,1571631314,55.36,17,0,3.09,42.84,93.51
San Patricio,PY,1571631314,61.14,97,96,5.77,-26.98,-56.83
Shashi,CN,1571631314,78.6,29,0,5.23,27.02,114.08
Mataura,NZ,1571631314,48.0,71,82,8.99,-46.19,168.86
Sao Gabriel da Cachoeira,BR,1571631315,74.6,94,100,0.76,-0.13,-67.09
Jamestown,AU,1571631316,83.15,16,35,1.77,-33.21,138.6
Khatanga,RU,1571631316,19.63,94,100,15.21,71.98,102.47
Pokhara,NP,1571631316,55.68,51,32,3.22,28.21,83.99
Beringovskiy,RU,1571631317,19.45,76,100,6.73,63.05,179.32
Ribeira Grande,PT,1571631317,65.33,61,52,8.81,38.52,-28.7
Torbay,CA,1571631317,43.0,86,75,13.87,47.66,-52.73
Yellowknife,CA,1571631318,24.01,92,5,3.36,62.45,-114.38
Castro,CL,1571631318,41.0,86,75,9.17,-42.48,-73.76
Avarua,CK,1571631319,77.0,83,0,10.29,-21.21,-159.78
Punta Arenas,CL,1571631319,41.0,75,0,17.22,-53.16,-70.91
Cherskiy,RU,1571631319,4.76,90,0,1.63,68.75,161.3
Taksimo,RU,1571631320,18.59,81,100,6.51,56.36,114.84
Olkhovka,RU,1571631320,25.93,59,94,9.95,53.21,60.61
Severo-Kurilsk,RU,1571631321,42.17,71,0,12.3,50.68,156.12
Albany,US,1571631321,46.99,87,90,3.36,42.65,-73.75
Praya,ID,1571631322,91.4,49,20,12.75,-8.71,116.27
Saint-Philippe,CA,1571631322,45.0,93,1,4.7,45.36,-73.48
Kidal,ML,1571631322,85.02,34,96,9.24,18.44,1.41
Esperance,AU,1571631323,68.0,72,90,14.99,-33.86,121.89
Zeya,RU,1571631323,36.5,97,100,5.06,53.74,127.27
Yumen,CN,1571631324,53.69,15,0,6.76,40.29,97.04
Rikitea,PF,1571631324,70.39,73,94,15.19,-23.12,-134.97
Mar del Plata,AR,1571631324,57.72,38,100,20.58,-46.43,-67.52
Brigantine,US,1571631325,59.0,100,90,8.05,39.41,-74.36
Hobart,AU,1571631325,68.0,37,20,12.75,-42.88,147.33
Atuona,PF,1571631326,79.44,74,2,12.46,-9.8,-139.03
New Norfolk,AU,1571631326,68.0,37,20,12.75,-42.78,147.06
Saskylakh,RU,1571631327,8.31,86,100,11.14,71.97,114.09
Cape Town,ZA,1571631327,59.0,71,40,3.36,-33.93,18.42
Aksu,KZ,1571631328,19.4,92,0,4.47,52.04,76.93
Flinders,AU,1571631328,79.0,40,0,12.75,-34.58,150.85
Barrow,AR,1571631329,55.7,60,100,9.66,-38.31,-60.23
Coihaique,CL,1571631329,41.0,93,20,4.61,-45.58,-72.07
Palmer,AU,1571631329,77.0,46,0,10.29,-34.85,139.16
Iqaluit,CA,1571631330,30.2,86,90,19.46,63.75,-68.52
Hermanus,ZA,1571631330,59.0,81,100,4.0,-34.42,19.24
Cabo San Lucas,MX,1571631330,79.0,69,75,4.7,22.89,-109.91
Kavaratti,IN,1571631331,82.47,78,100,11.12,10.57,72.64
Moerai,PF,1571631331,72.37,84,100,20.45,-22.43,-151.33
Pudozh,RU,1571631332,39.36,95,100,7.58,61.81,36.54
Bluff,AU,1571631332,85.13,28,0,12.08,-23.58,149.07
Issoire,FR,1571631332,48.2,93,75,3.36,45.54,3.25
Puerto Ayora,EC,1571631333,69.01,89,6,5.01,-0.74,-90.35
Norman Wells,CA,1571631333,26.6,100,90,2.24,65.28,-126.83
Qaanaaq,GL,1571631333,1.22,47,0,11.21,77.48,-69.36
Nanortalik,GL,1571631334,38.93,69,77,5.28,60.14,-45.24
Chernyshevskiy,RU,1571631334,20.96,71,100,3.8,63.01,112.47
Muriti,TZ,1571631334,69.8,88,20,11.41,-1.99,32.93
Ostrovnoy,RU,1571631335,19.65,88,92,9.62,68.05,39.51
Vorukh,KG,1571631335,53.9,32,100,5.82,39.85,70.57
Georgetown,GY,1571631335,75.2,100,40,4.7,6.8,-58.16
Saint-Georges,CA,1571631336,43.0,36,57,5.19,46.12,-70.67
Port Elizabeth,US,1571631336,57.0,87,90,17.22,39.31,-74.98
Carora,VE,1571631336,69.89,92,100,1.3,10.17,-70.08
Rio Gallegos,AR,1571631337,42.8,60,40,4.7,-51.62,-69.22
Busselton,AU,1571631337,77.0,40,0,7.07,-33.64,115.35
Sabzevar,IR,1571631337,51.4,63,100,5.41,36.21,57.68
Kodiak,US,1571631338,57.99,87,40,13.87,39.95,-94.76
Thohoyandou,ZA,1571631338,68.07,37,0,3.47,-22.97,30.46
Port Alfred,ZA,1571631339,61.0,90,72,7.0,-33.59,26.89
Hasaki,JP,1571631339,68.0,68,75,12.75,35.73,140.83
Bredasdorp,ZA,1571631339,59.0,62,100,10.29,-34.53,20.04
Geraldton,CA,1571631340,33.8,100,5,2.06,49.72,-86.95
Chuy,UY,1571631340,57.36,79,100,9.53,-33.69,-53.46
Jumla,NP,1571631340,52.26,49,0,1.43,29.28,82.18
Talaya,RU,1571631341,19.0,85,40,4.47,55.79,84.89
Atambua,ID,1571631341,78.54,83,0,9.57,-9.11,124.89
Kaeo,NZ,1571631341,66.0,67,0,11.79,-35.1,173.78
Galveston,US,1571631342,57.99,71,90,6.93,40.58,-86.19
Grindavik,IS,1571631343,42.8,93,90,18.34,63.84,-22.43
Mahebourg,MU,1571631343,75.0,88,90,13.87,-20.41,57.7
Manakara,MG,1571631343,67.91,90,60,5.61,-22.14,48.01
Saint George,GR,1571631344,57.2,100,40,1.01,39.45,22.34
Solnechnyy,RU,1571631344,52.98,60,58,6.67,50.72,136.64
Kovur,IN,1571631344,75.75,92,100,3.38,14.5,79.99
Dikson,RU,1571631345,26.24,83,69,15.28,73.51,80.55
Clyde River,CA,1571631345,28.4,92,90,10.29,70.47,-68.59
Taltal,CL,1571631345,52.16,73,0,3.89,-25.41,-70.49
Luderitz,NA,1571631346,58.2,77,0,25.23,-26.65,15.16
Presidencia Roque Saenz Pena,AR,1571631346,54.73,97,97,4.43,-26.79,-60.44
Tiznit,MA,1571631346,65.26,82,0,16.24,29.7,-9.73
Tondano,ID,1571631347,93.2,52,40,8.05,1.3,124.91
Souillac,FR,1571631347,48.2,100,90,4.7,45.6,-0.6
Occhiobello,IT,1571631347,66.99,93,80,3.36,44.92,11.58
Mlonggo,ID,1571631348,95.0,32,20,13.87,-6.53,110.7
Lagoa,PT,1571631348,54.0,87,0,7.09,37.14,-8.45
Constitucion,MX,1571631349,66.2,88,90,8.05,23.99,-104.67
Paamiut,GL,1571631349,39.9,62,0,12.33,61.99,-49.67
Najran,SA,1571631349,66.2,32,0,2.24,17.54,44.22
Grimshaw,CA,1571631350,35.01,93,75,3.36,56.19,-117.61
Codrington,AU,1571631350,77.0,33,0,13.87,-28.95,153.24
Port Pirie,AU,1571631351,71.6,43,95,10.29,-33.18,138.01
Leningradskiy,RU,1571631351,24.72,94,100,24.02,69.38,178.42
Asheville,US,1571631352,59.0,87,40,2.01,35.6,-82.55
Butaritari,KI,1571631352,85.35,67,46,10.4,3.07,172.79
Vardo,US,1571631352,54.0,87,90,5.82,39.62,-77.74
Fortuna,US,1571631353,54.0,81,1,5.03,40.6,-124.16
Kendari,ID,1571631353,92.73,33,26,7.34,-3.99,122.52
Karratha,AU,1571631353,99.51,18,59,14.34,-20.74,116.85
Rio Cuarto,AR,1571631354,53.6,93,0,5.82,-33.13,-64.35
Namibe,AO,1571631354,69.35,85,20,4.79,-15.19,12.15
Vanimo,PG,1571631355,83.58,69,29,11.48,-2.67,141.3
Mehamn,NO,1571631355,37.4,80,75,17.22,71.03,27.85
Lebu,ET,1571631355,48.41,81,0,3.15,8.96,38.73
Lavrentiya,RU,1571631355,24.87,95,100,5.06,65.58,-170.99
Mecca,SA,1571631356,76.42,69,0,2.04,21.43,39.83
Otjimbingwe,NA,1571631356,71.13,19,0,3.71,-22.35,16.13
Cockburn Town,TC,1571631356,83.78,79,100,16.71,21.46,-71.14
Camas,ES,1571631357,54.0,87,0,2.24,37.4,-6.03
Pisco,PE,1571631357,62.6,82,0,5.82,-13.71,-76.2
Sorong,ID,1571631357,81.32,85,100,5.44,-0.86,131.25
Mtambile,TZ,1571631358,79.44,78,0,6.58,-5.38,39.7
Kembaran,ID,1571631358,95.0,32,20,13.87,-7.38,110.0
Ancud,CL,1571631359,41.0,86,75,9.17,-41.87,-73.83
Bethel,US,1571631359,35.6,95,90,6.93,60.79,-161.76
Hilo,US,1571631359,80.6,69,90,4.7,19.71,-155.08
Sindou,BF,1571631360,72.78,91,100,1.25,10.66,-5.16
Sigli,ID,1571631360,84.93,70,91,0.67,5.38,95.96
Upernavik,GL,1571631360,17.85,77,74,7.23,72.79,-56.15
Vredendal,ZA,1571631361,58.6,85,35,16.82,-31.68,18.49
Sibu,MY,1571631362,86.0,70,75,3.36,2.29,111.83
Sahuaripa,MX,1571631362,68.34,50,0,0.89,29.05,-109.23
Porto Walter,BR,1571631362,74.44,78,21,1.5,-8.27,-72.74
Buala,SB,1571631363,84.56,69,100,9.22,-8.15,159.59
Ust-Maya,RU,1571631363,30.45,88,6,4.36,60.42,134.54
Mawlaik,MM,1571631363,81.26,57,0,3.18,23.63,94.42
College,US,1571631364,35.01,74,75,4.7,64.86,-147.8
Tuktoyaktuk,CA,1571631364,19.4,85,40,8.05,69.44,-133.03
Nikolskoye,RU,1571631365,51.8,81,90,11.18,59.7,30.79
Mouila,GA,1571631365,70.23,98,82,0.83,-1.86,11.06
Bambous Virieux,MU,1571631365,75.0,88,90,13.87,-20.34,57.76
Ponta do Sol,BR,1571631366,68.63,81,17,1.3,-20.63,-46.0
Saldanha,PT,1571631367,44.81,91,0,1.66,41.42,-6.55
Marawi,PH,1571631368,86.0,79,84,5.99,8.0,124.29
Miranda,BR,1571631368,73.16,87,43,1.9,-20.24,-56.38
Fairmont,US,1571631369,52.0,35,40,8.05,40.64,-97.59
Nhulunbuy,AU,1571631369,89.6,43,0,17.22,-12.18,136.78
Poopo,BO,1571631370,49.47,33,22,10.25,-18.38,-66.97
Payo,ID,1571631370,83.58,41,67,5.7,-3.75,103.64
Kankon,IN,1571631370,79.41,79,99,4.94,15.02,74.02
Alghero,IT,1571631371,62.6,77,0,3.36,40.56,8.32
Pevek,RU,1571631371,27.78,72,98,12.77,69.7,170.27
Upington,ZA,1571631371,57.2,47,0,4.7,-28.46,21.24
Broome,GB,1571631372,55.0,87,100,10.29,52.47,1.45
Provideniya,RU,1571631372,33.8,69,90,15.66,64.42,-173.23
Sao Filipe,CV,1571631372,77.68,85,87,20.2,14.9,-24.5
Noumea,NC,1571631372,86.0,40,25,12.75,-22.28,166.46
Kieta,PG,1571631373,84.3,69,22,5.17,-6.22,155.63
Lompoc,US,1571631373,69.8,48,1,9.17,34.64,-120.46
Le Port,FR,1571631373,52.0,73,80,0.85,42.87,1.37
Nome,US,1571631374,82.99,94,40,6.93,30.04,-94.42
Matamoros,US,1571631374,82.99,88,75,8.05,25.87,-97.51
Deqing,CN,1571631375,73.99,56,20,2.24,30.54,119.97
Kutum,SD,1571631375,75.83,42,36,5.3,14.2,24.66
Aras,ES,1571631376,45.0,93,13,2.24,42.56,-2.36
Chokurdakh,RU,1571631376,2.8,95,85,4.25,70.62,147.9
Caravelas,BR,1571631377,74.93,82,100,11.77,-17.73,-39.27
San Jeronimo,PE,1571631377,50.27,92,99,3.06,-13.65,-73.37
Saint-Pierre,FR,1571631378,57.2,87,90,23.04,48.95,4.24
Carnarvon,ZA,1571631379,53.04,47,0,15.84,-30.97,22.13
Kayes,ML,1571631379,80.6,74,78,6.93,14.44,-11.44
Vila Velha,BR,1571631380,79.0,74,75,10.29,-3.71,-38.6
Husavik,CA,1571631380,46.99,86,100,7.2,50.56,-96.99
Omsukchan,RU,1571631381,15.99,92,91,4.25,62.53,155.8
Nan,TH,1571631381,82.4,74,20,1.12,18.78,100.78
Igrim,RU,1571631381,29.96,97,100,2.13,63.19,64.42
Vaitape,PF,1571631382,80.06,75,80,5.59,-16.52,-151.75
Kenai,US,1571631382,42.01,86,90,5.82,60.55,-151.26
Narrabri,AU,1571631383,80.01,16,0,8.05,-30.33,149.78
Adrar,DZ,1571631383,69.8,28,0,4.7,27.87,-0.29
Quatre Cocos,MU,1571631383,75.0,88,90,13.87,-20.21,57.76
Warmbad,DE,1571631384,55.0,93,97,4.7,50.67,13.08
Niquero,CU,1571631384,84.32,71,97,8.08,20.04,-77.58
Itoman,JP,1571631384,84.2,74,20,11.41,26.12,127.67
Thaba-Tseka,LS,1571631385,48.97,27,0,9.4,-29.52,28.61
San Rafael,AR,1571631386,61.79,25,0,8.52,-34.61,-68.33
Aksarka,RU,1571631386,23.14,78,27,3.44,66.56,67.8
Sitka,US,1571631387,52.0,43,50,21.0,37.17,-99.65
Mayo,CA,1571631387,30.2,92,90,2.24,63.59,-135.9
Iznoski,RU,1571631388,49.4,89,100,5.95,54.99,35.31
Hauterive,CA,1571631388,37.4,100,40,3.36,49.18,-68.27
Bagepalli,IN,1571631388,73.4,100,40,4.7,13.78,77.8
Normandin,CA,1571631389,35.6,93,40,4.7,48.84,-72.53
Arraial do Cabo,BR,1571631389,69.56,70,77,10.96,-22.97,-42.02
Blagoyevo,RU,1571631389,33.54,94,100,3.11,63.37,47.92
Nerchinskiy Zavod,RU,1571631390,31.24,48,88,17.76,51.31,119.61
Dunedin,NZ,1571631390,54.0,53,68,8.99,-45.87,170.5
Prachuap Khiri Khan,TH,1571631391,83.33,64,100,7.18,11.81,99.79
Bonthe,SL,1571631391,77.09,85,94,1.9,7.53,-12.5
Aklavik,CA,1571631392,15.8,72,20,11.41,68.22,-135.01
Thompson,CA,1571631392,35.6,93,90,6.93,55.74,-97.86
Dudinka,RU,1571631392,19.4,92,75,17.9,69.41,86.18
Miandrivazo,MG,1571631393,76.02,77,0,2.46,-19.53,45.46
Honiara,SB,1571631393,87.8,62,40,8.05,-9.43,159.96
Zwedru,LR,1571631394,71.47,99,97,2.37,6.07,-8.13
Hamilton,CA,1571631394,50.0,100,1,1.86,43.26,-79.87
Batagay-Alyta,RU,1571631394,11.46,75,26,2.53,67.8,130.41
Kpandae,GH,1571631395,72.78,94,69,3.94,8.46,-0.01
Kaitangata,NZ,1571631395,51.01,58,100,11.01,-46.28,169.85
Touros,BR,1571631395,75.2,83,75,4.7,-5.2,-35.46
Koslan,RU,1571631396,33.31,92,100,3.18,63.46,48.9
Vila Franca do Campo,PT,1571631396,60.8,72,40,8.05,37.72,-25.43
Itaituba,BR,1571631396,74.03,95,100,1.83,-4.26,-55.99
Tallahassee,US,1571631397,64.4,100,1,1.95,30.44,-84.28
Hofn,IS,1571631397,35.27,99,100,10.92,64.25,-15.21
Mingguang,CN,1571631397,74.53,37,61,6.31,32.78,118.01
East London,ZA,1571631398,64.4,72,0,8.05,-33.02,27.91
Mitsamiouli,KM,1571631398,78.8,74,20,3.36,-11.38,43.28
Lasa,CY,1571631398,64.4,55,20,6.93,34.92,32.53
Sakaiminato,JP,1571631399,68.0,72,75,14.99,35.55,133.23
Cidreira,BR,1571631399,60.56,72,100,5.32,-30.17,-50.22
Baft,IR,1571631399,42.74,57,0,2.35,29.23,56.61
Stratford-upon-Avon,GB,1571631400,50.0,100,75,11.41,52.19,-1.71
Coos Bay,US,1571631400,57.0,100,90,6.93,43.37,-124.22
Noboribetsu,JP,1571631401,64.4,52,40,11.41,42.42,141.1
Alofi,NU,1571631402,77.0,94,4,4.7,-19.06,-169.92
Port Lincoln,AU,1571631403,63.32,71,100,7.18,-34.72,135.86
Rawson,AR,1571631403,66.27,18,67,17.29,-43.3,-65.11
Bayir,TR,1571631403,53.6,100,20,0.54,37.27,28.22
Greven,DE,1571631404,54.0,93,75,3.36,52.09,7.61
Sabang,PH,1571631404,87.01,73,11,5.99,13.8,121.11
Terney,RU,1571631404,61.91,49,14,6.42,45.05,136.61
Siocon,PH,1571631405,86.59,66,93,5.64,11.03,124.04
Victoria,BN,1571631405,91.4,55,75,6.93,5.28,115.24
Atikokan,CA,1571631406,44.9,78,100,4.34,48.76,-91.62
Port Hardy,CA,1571631406,48.2,93,90,6.93,50.7,-127.42
Oistins,BB,1571631406,77.0,88,20,3.36,13.07,-59.53
Pangkalanbuun,ID,1571631408,89.9,56,43,4.68,-2.68,111.62
Muros,ES,1571631408,50.0,100,90,2.24,42.77,-9.06
Coquimbo,CL,1571631409,53.01,71,0,11.52,-29.95,-71.34
Mount Isa,AU,1571631409,91.4,8,0,12.75,-20.73,139.49
Pangody,RU,1571631409,26.07,89,94,10.8,65.85,74.49
Port Hedland,AU,1571631410,100.4,21,16,11.41,-20.31,118.58
Yar-Sale,RU,1571631411,21.45,94,19,9.44,66.83,70.83
Sabaudia,IT,1571631411,66.2,82,0,2.24,41.3,13.03
Yerbogachen,RU,1571631412,23.84,64,100,4.16,61.28,108.01
Tasiilaq,GL,1571631412,21.2,79,0,4.7,65.61,-37.64
San Cristobal Acasaguastlan,GT,1571631413,64.76,94,71,1.97,14.92,-89.88
Maragogi,BR,1571631413,71.38,87,48,4.38,-9.01,-35.22
Capao da Canoa,BR,1571631414,58.35,79,100,1.72,-29.75,-50.01
Roald,NO,1571631414,41.0,93,89,4.7,62.58,6.12
Cayenne,GF,1571631414,75.2,94,57,4.29,4.94,-52.33
Enfield,IE,1571631415,42.01,100,20,3.36,53.41,-6.83
Half Moon Bay,US,1571631415,61.0,77,1,9.17,37.46,-122.43
Itarema,BR,1571631416,73.18,93,84,3.69,-2.92,-39.92
Tandur,IN,1571631417,74.73,88,96,2.37,19.18,79.43
Hithadhoo,MV,1571631417,80.79,75,43,11.34,-0.6,73.08
Veraval,FR,1571631418,51.01,100,90,8.05,49.65,0.71
Bilma,NE,1571631418,85.82,18,50,12.68,18.69,12.92
Sakaide,JP,1571631418,68.0,88,75,5.82,34.31,133.87
Poum,MK,1571631419,44.6,87,20,3.36,41.28,20.71
Komsomolskiy,RU,1571631419,12.86,87,0,4.43,67.55,63.78
Palmerston,AU,1571631419,100.99,38,0,17.22,-12.49,130.99
Saurimo,AO,1571631420,63.51,95,62,2.89,-9.66,20.4
Sault Sainte Marie,CA,1571631420,42.8,100,40,4.7,46.49,-84.36
Mildura,AU,1571631421,78.01,23,0,6.93,-34.18,142.16
Kavieng,PG,1571631421,80.11,77,100,3.6,-2.57,150.8
Praia da Vitoria,PT,1571631422,62.6,72,40,6.87,38.73,-27.07
San Jose,HN,1571631422,65.31,84,100,2.35,14.25,-87.96
Maniitsoq,GL,1571631422,36.15,49,0,7.49,65.42,-52.9
Dongkan,CN,1571631423,71.31,43,97,5.08,34.0,119.83
Maceio,BR,1571631423,71.6,94,0,5.82,-9.67,-35.74
Swellendam,ZA,1571631424,55.4,62,80,10.29,-34.02,20.44
San Pedro,AR,1571631424,55.99,81,100,1.23,-33.68,-59.66
Ferrol,ES,1571631424,46.99,100,20,2.24,43.48,-8.23
Bathsheba,BB,1571631425,77.0,88,20,4.7,13.22,-59.52
Srednekolymsk,RU,1571631425,15.8,93,85,3.67,67.46,153.71
Sioux Lookout,CA,1571631426,48.2,86,90,3.36,50.1,-91.92
Kochi,IN,1571631426,77.0,100,90,9.17,9.96,76.25
Tuatapere,NZ,1571631426,48.0,71,100,8.99,-46.13,167.69
Am Timan,TD,1571631427,71.6,87,98,2.01,11.04,20.28
Fukue,JP,1571631427,70.0,68,75,2.24,35.03,136.69
Oxelosund,SE,1571631428,44.6,100,90,3.36,58.67,17.1
Dalvik,SE,1571631428,46.4,93,75,3.36,57.79,14.13
Neryungri,RU,1571631428,31.24,75,100,2.55,56.66,124.71
Ahipara,NZ,1571631429,66.0,67,45,16.15,-35.17,173.16
Marabba,SD,1571631429,80.06,74,33,12.84,12.35,32.18
Nouadhibou,MR,1571631429,68.0,88,19,17.22,20.93,-17.03
San Quintin,PH,1571631430,86.28,61,50,3.33,17.54,120.52
Jaltepec,MX,1571631430,54.37,91,4,7.31,20.11,-98.42
Mugur-Aksy,RU,1571631431,11.94,90,100,8.41,50.38,90.44
Isiro,CD,1571631431,68.05,99,100,2.53,2.77,27.62
Talas,KG,1571631431,41.61,39,94,2.64,42.52,72.24
Broken Hill,AU,1571631432,75.2,19,0,10.29,-31.97,141.45
Brae,GB,1571631432,46.4,70,100,10.29,60.4,-1.35
Belaya Gora,RU,1571631432,13.49,93,79,1.23,68.54,146.19
Srivardhan,IN,1571631433,76.71,83,100,12.24,18.03,73.02
Luba,PH,1571631433,86.28,61,50,3.33,17.32,120.7
Wodonga,AU,1571631433,77.0,36,0,8.05,-36.12,146.89
Bilibino,RU,1571631434,0.75,87,0,1.95,68.06,166.44
Kapuskasing,CA,1571631434,41.0,100,5,5.82,49.42,-82.43
Matagami,NG,1571631435,68.3,95,100,2.71,9.67,8.4
Yonezawa,JP,1571631435,66.0,63,75,1.12,37.88,140.12
Aberystwyth,GB,1571631435,46.99,92,45,5.99,52.41,-4.08
High Rock,BS,1571631436,81.89,86,58,8.7,26.63,-78.28
Klaksvik,FO,1571631436,46.4,81,100,19.46,62.23,-6.59
Neuquen,AR,1571631437,59.0,44,0,8.05,-38.95,-68.06
Westlock,CA,1571631437,35.01,86,1,3.36,54.15,-113.85
Kisanga,CD,1571631438,59.61,84,0,4.23,-11.72,27.4
Grand Gaube,MU,1571631438,75.0,88,90,13.87,-20.01,57.66
Artigas,BR,1571631439,56.73,95,97,8.84,-30.4,-56.46
San Vicente,EC,1571631439,73.4,78,75,10.29,-0.59,-80.41
Zvishavane,ZW,1571631439,70.35,26,0,3.24,-20.32,30.05
Salta,AR,1571631440,57.2,93,0,5.66,-24.79,-65.41
Santa Cruz,BR,1571631440,69.08,87,38,6.04,-6.22,-36.02
Cheremukhovo,RU,1571631440,49.96,97,100,6.82,56.23,46.23
Moskovskiy,RU,1571631441,54.0,76,0,6.71,55.6,37.35
Toora-Khem,RU,1571631441,25.8,85,100,5.7,52.47,96.11
Mayumba,GA,1571631441,76.37,88,100,3.33,-3.44,10.65
Viedma,AR,1571631442,66.5,50,100,24.81,-40.81,-62.99
Yarim,YE,1571631442,62.07,32,82,5.46,14.3,44.38
Tigzirt,DZ,1571631442,59.88,95,92,4.83,36.57,4.2
Barentu,ER,1571631443,74.85,60,0,5.46,15.11,37.59
Angoche,MZ,1571631443,73.74,81,0,6.06,-16.23,39.91
Nyuksenitsa,RU,1571631443,38.67,97,100,3.65,60.41,44.24
La Ronge,CA,1571631444,33.8,86,90,5.82,55.1,-105.3
Gilbues,BR,1571631444,74.62,74,70,2.19,-9.83,-45.34
Gat,SN,1571631445,77.0,88,0,8.05,14.69,-16.54
Kisangani,CD,1571631446,69.81,89,100,0.72,0.52,25.21
Avera,US,1571631446,64.4,93,1,4.7,33.19,-82.53
Bogotol,RU,1571631446,20.12,61,0,3.65,56.21,89.53
Luanda,AO,1571631447,75.2,88,90,3.36,-8.83,13.24
Arona,IT,1571631447,62.6,100,75,10.29,45.76,8.56
Duku,ID,1571631447,78.85,87,100,13.33,-1.19,100.47
Longyearbyen,NO,1571631448,12.2,66,75,3.36,78.22,15.63
Darnah,LY,1571631448,72.87,78,100,12.28,32.77,22.64
Lufilufi,WS,1571631448,84.0,79,6,17.0,-13.87,-171.6
Pathardi,IN,1571631449,68.36,96,100,7.9,19.17,75.17
Yatou,CM,1571631451,75.2,100,40,1.12,3.63,9.81
Quimper,FR,1571631451,50.0,93,75,5.82,48.0,-4.1
Port Augusta,AU,1571631452,81.0,43,100,10.29,-32.49,137.76
Morros,BR,1571631452,78.8,88,0,3.36,-2.87,-44.04
Moron,HT,1571631453,80.67,78,100,4.63,18.56,-74.26
La Orilla,MX,1571631453,76.8,85,68,4.88,18.0,-102.23
Lakselv,NO,1571631454,28.99,73,0,28.86,70.05,24.96
Leua,AO,1571631456,62.72,84,5,5.84,-11.65,20.45
Hay River,CA,1571631456,30.2,92,75,2.24,60.82,-115.79
Olhao,PT,1571631457,54.0,87,0,7.11,37.03,-7.84
Crowley,US,1571631457,77.0,88,1,6.93,30.21,-92.37
Fort Nelson,CA,1571631457,35.6,93,90,2.24,58.81,-122.69
Salinas,US,1571631457,63.0,59,1,9.17,36.67,-121.66
Portland,US,1571631458,48.99,87,20,3.36,43.66,-70.25
Sambava,MG,1571631458,67.19,85,0,3.0,-14.27,50.17
Canutama,BR,1571631458,72.23,96,99,1.21,-6.53,-64.38
Qaqortoq,GL,1571631459,48.2,19,0,20.8,60.72,-46.03
Bata,GQ,1571631459,75.2,100,75,3.36,1.87,9.77
kimparana,ML,1571631459,81.03,55,85,8.79,12.83,-4.92
Okitipupa,NG,1571631461,71.78,98,64,2.71,6.5,4.78
Mazagao,BR,1571631461,80.6,100,0,4.7,-0.12,-51.29
Pangnirtung,CA,1571631462,17.18,50,56,2.42,66.15,-65.72
Kaniama,CD,1571631462,68.0,94,100,2.73,-7.57,24.18
Petropavlovsk-Kamchatskiy,RU,1571631462,46.4,39,0,8.95,53.05,158.65
Meulaboh,ID,1571631463,79.16,85,98,6.4,4.14,96.13
Yeppoon,AU,1571631463,82.4,45,40,11.41,-23.13,150.74
Ulladulla,AU,1571631463,73.99,40,0,12.75,-35.36,150.48
Lohja,FI,1571631464,46.99,93,75,13.87,60.25,24.07
Benghazi,LY,1571631464,72.73,76,100,13.09,32.12,20.07
Amot,NO,1571631464,27.42,96,13,3.76,59.57,7.99
Tezu,IN,1571631465,69.81,62,100,0.6,27.93,96.16
Acapulco,MX,1571631465,80.6,88,75,5.82,16.86,-99.88
Goundam,ML,1571631466,93.39,22,80,6.51,16.42,-3.66
Rabo de Peixe,PT,1571631466,60.8,72,40,8.05,37.8,-25.58
Billings,US,1571631466,39.2,64,75,6.93,45.79,-108.5
Okhotsk,RU,1571631467,33.26,56,96,7.76,59.36,143.24
Inhambane,MZ,1571631467,73.4,94,20,6.64,-23.87,35.38
Kudahuvadhoo,MV,1571631467,82.76,72,90,7.99,2.67,72.89
Lodi,IT,1571631468,62.6,93,75,5.82,45.31,9.5
Quchan,IR,1571631468,49.98,32,100,3.38,37.11,58.51
Pio XII,BR,1571631468,74.06,91,49,3.18,-3.89,-45.17
Zhaoqing,CN,1571631469,80.87,37,0,3.65,23.05,112.47
Millinocket,US,1571631469,45.0,75,1,3.36,45.66,-68.71
Georgiyevka,RU,1571631469,50.72,92,56,7.31,52.25,40.45
Zalari,RU,1571631470,31.01,58,100,5.79,53.57,102.52
Saint-Francois,FR,1571631470,53.6,93,75,2.24,46.42,3.91
Natchitoches,US,1571631470,77.0,94,75,6.93,31.76,-93.09
Soderhamn,SE,1571631471,37.0,98,0,2.77,61.3,17.06
Carndonagh,IE,1571631471,49.56,64,89,8.23,55.25,-7.27
Tiksi,RU,1571631471,2.4,90,61,6.46,71.64,128.87
Tautira,PF,1571631472,82.0,78,75,6.93,-17.73,-149.15
Chunskiy,RU,1571631472,26.38,61,80,6.58,56.08,99.63
Tuensang,IN,1571631472,76.2,75,52,2.53,26.24,94.81
Port Blair,IN,1571631473,84.83,75,100,13.35,11.67,92.75
Mount Gambier,AU,1571631473,60.8,63,40,5.82,-37.83,140.78
Keroka,KE,1571631474,60.17,89,0,3.94,-0.78,34.95
Shahe,CN,1571631474,62.27,37,0,5.37,36.85,114.5
Dobson,NZ,1571631475,52.82,68,67,22.62,-42.45,171.31
Shache,CN,1571631475,54.0,96,95,0.6,38.42,77.24
Namie,JP,1571631476,69.01,82,75,4.7,37.52,140.86
Tabuk,PH,1571631476,79.7,55,23,1.32,17.41,121.44
Gao,ML,1571631477,88.7,37,88,7.78,16.28,-0.04
The Valley,AI,1571631477,82.4,78,20,5.82,18.22,-63.06
Port Hawkesbury,CA,1571631477,48.0,93,1,4.7,45.62,-61.36
Podor,MR,1571631478,78.8,69,0,2.24,16.65,-14.96
Lom Sak,TH,1571631478,84.2,62,20,4.7,16.78,101.24
Golden Gate,US,1571631478,62.6,82,1,5.77,38.36,-88.2
General Roca,AR,1571631479,59.0,44,0,8.05,-39.03,-67.58
Batagay,RU,1571631479,18.5,89,99,1.92,67.65,134.64
Astana,KZ,1571631480,23.0,73,75,6.71,51.13,71.43
Karla,EE,1571631480,48.99,93,90,14.99,59.37,24.93
Rome,IT,1571631481,64.99,82,0,2.24,41.89,12.48
Marzuq,YE,1571631481,62.51,25,48,2.64,14.4,46.47
Oranzherei,RU,1571631481,44.6,75,0,6.71,45.85,47.57
Pacific Grove,US,1571631481,62.6,63,1,4.7,36.62,-121.92
Chalus,IR,1571631482,64.4,88,75,4.7,36.66,51.42
Pauini,BR,1571631483,73.2,89,90,0.96,-7.71,-67.0
Devgarh,IN,1571631483,60.8,72,0,2.82,31.13,77.45
Nikolayevsk-na-amure,RU,1571631484,49.82,65,51,6.06,53.14,140.72
Kochinda,IN,1571631484,77.0,88,75,2.24,21.73,84.35
Halifax,CA,1571631484,44.6,75,75,2.84,44.65,-63.58
Anadyr,RU,1571631485,23.0,92,90,8.95,64.73,177.51
Camacha,PT,1571631485,66.2,72,40,14.99,33.08,-16.33
Necochea,AR,1571631486,50.0,95,100,1.99,-38.55,-58.74
Tuka,HU,1571631486,48.2,93,20,3.36,47.74,21.04
Te Anau,NZ,1571631486,40.44,86,86,9.35,-45.41,167.72
Bitkine,TD,1571631487,79.03,68,100,1.72,11.98,18.21
Nikolayevka,RU,1571631487,57.3,76,0,13.67,46.73,38.57
Bermeo,ES,1571631487,51.01,93,75,3.36,43.42,-2.72
Alta Floresta,BR,1571631488,71.72,96,96,1.63,-9.87,-56.08
Knysna,ZA,1571631488,55.4,82,75,13.87,-34.04,23.05
Mmathubudukwane,BW,1571631488,71.6,19,0,2.24,-24.61,26.43
Zyryanka,RU,1571631489,15.49,90,96,9.69,65.73,150.89
Kirakira,SB,1571631489,82.7,78,83,7.63,-10.46,161.92
Atar,MR,1571631489,80.43,29,0,10.76,20.52,-13.05
Gunnedah,AU,1571631490,80.01,14,0,8.05,-30.98,150.25
Faanui,PF,1571631490,80.06,75,80,5.59,-16.48,-151.75
Ngunguru,NZ,1571631491,66.0,56,0,10.0,-35.62,174.5
Hervey Bay,AU,1571631491,80.01,44,22,23.04,-25.3,152.85
Nuuk,GL,1571631492,32.0,51,0,13.87,64.17,-51.74
Bolu,TR,1571631492,51.29,96,52,0.54,40.73,31.61
Filadelfia,PY,1571631493,75.99,61,100,12.82,-22.35,-60.04
Ruston,US,1571631493,78.01,94,1,10.29,32.52,-92.64
Laguna,BZ,1571631493,78.8,94,0,3.15,16.17,-88.94
Mitu,IR,1571631494,48.93,76,84,0.98,36.2,46.09
Conselheiro Pena,BR,1571631494,70.66,78,92,4.61,-19.17,-41.47
Richards Bay,ZA,1571631494,71.11,77,71,19.91,-28.77,32.06
Sabha,LY,1571631495,67.69,66,0,5.68,27.03,14.43
Niamey,NE,1571631495,78.8,78,0,2.24,13.52,2.11
Airai,TL,1571631495,90.23,42,11,4.09,-8.93,125.41
Kanniyakumari,IN,1571631496,78.15,86,100,9.26,8.08,77.57
Great Yarmouth,GB,1571631496,55.99,87,100,10.29,52.61,1.73
Marigot,HT,1571631496,75.97,82,99,4.27,18.23,-72.32
Zhigansk,RU,1571631497,7.08,92,39,4.23,66.77,123.37
Fairbanks,US,1571631497,35.01,74,75,4.7,64.84,-147.72
Ulaangom,MN,1571631498,33.45,80,96,10.92,49.98,92.07
Donskoye,RU,1571631498,46.4,87,0,8.95,45.45,41.98
Guerrero Negro,MX,1571631498,67.49,81,0,14.85,27.97,-114.04
Khoy,IR,1571631499,51.8,100,75,4.54,38.55,44.95
Padang,ID,1571631499,78.85,87,100,13.33,-0.92,100.36
Meaford,CA,1571631499,46.0,100,90,4.7,44.61,-80.59
Kolpashevo,RU,1571631500,21.81,65,29,8.3,58.31,82.9
Tigil,RU,1571631500,32.32,99,100,11.59,57.8,158.67
Qom,IR,1571631500,51.58,67,0,2.91,34.64,50.88
San Cristobal,HN,1571631501,67.47,86,35,4.36,14.68,-86.92
Kasane,BW,1571631501,73.4,20,0,6.93,-17.8,25.16
Zabid,YE,1571631501,60.56,55,1,0.96,14.2,44.5
Santander,PH,1571631502,87.8,74,40,11.41,9.42,123.33
Agirish,RU,1571631502,31.2,89,92,7.63,61.92,63.02
Starogard Gdanski,PL,1571631502,52.0,100,37,2.24,53.96,18.53
Barkly West,ZA,1571631503,59.0,22,0,3.36,-28.54,24.52
Sechura,PE,1571631503,62.69,89,100,10.6,-5.56,-80.82
Manzanillo,MX,1571631503,79.53,80,100,6.93,19.05,-104.32
Karlshamn,SE,1571631504,48.2,100,100,2.24,56.17,14.86
Comodoro Rivadavia,AR,1571631504,62.6,45,0,4.7,-45.87,-67.48
Nerja,ES,1571631504,59.0,93,0,2.95,36.75,-3.88
Nsanje,MZ,1571631505,71.99,87,0,3.71,-16.92,35.26
Taoudenni,ML,1571631505,82.4,24,0,7.96,22.68,-3.98
Mahajanga,MG,1571631505,80.6,54,20,11.41,-15.72,46.32
Jalu,LY,1571631506,68.64,78,3,10.56,29.03,21.55
Hatillo,PR,1571631506,79.0,94,1,5.82,18.49,-66.83
Egvekinot,RU,1571631506,14.99,80,100,13.04,66.32,-179.17
Lakatoro,VU,1571631507,86.0,94,51,10.29,-16.11,167.42
Vestmannaeyjar,IS,1571631507,46.94,89,100,18.5,63.44,-20.27
Ucluelet,CA,1571631507,52.0,91,67,1.01,48.94,-125.55
Cadillac,US,1571631508,46.4,93,1,4.09,44.25,-85.4
Gusev,RU,1571631508,52.8,89,100,3.06,54.59,22.2
Coruripe,BR,1571631508,69.29,94,0,8.97,-10.12,-36.18
Paraiso,BR,1571631509,80.6,100,0,4.7,-0.03,-51.17
Lukulu,ZM,1571631509,68.0,25,0,7.67,-14.38,23.24
Lyubech,UA,1571631509,50.77,88,7,7.54,51.7,30.66
San Ramon,NI,1571631510,66.21,97,100,3.18,12.92,-85.84
Gladstone,AU,1571631510,81.0,51,1,25.28,-23.84,151.26
Labuhan,ID,1571631511,94.29,45,97,2.33,-2.54,115.51
Kalmunai,LK,1571631511,74.73,95,100,3.02,7.42,81.82
Los Llanos de Aridane,ES,1571631511,68.0,64,75,11.41,28.66,-17.92
Mokrousovo,RU,1571631512,24.29,67,97,14.54,55.81,66.77
Kysyl-Syr,RU,1571631512,30.05,88,100,7.09,63.9,122.77
Nalut,LY,1571631513,70.95,55,67,16.15,31.86,10.98
Wismar,DE,1571631513,53.01,93,75,11.41,53.89,11.46
Kurilsk,RU,1571631513,51.4,86,68,9.26,45.23,147.88
Goderich,CA,1571631514,51.01,96,0,1.01,43.74,-81.71
Uyuni,BO,1571631514,44.54,19,33,7.2,-20.46,-66.82
Pierre,US,1571631514,48.99,93,90,4.7,44.37,-100.35
Talnakh,RU,1571631516,19.4,92,75,17.9,69.49,88.39
Vao,EE,1571631516,49.37,89,100,14.07,59.1,26.19
Deputatskiy,RU,1571631516,6.29,96,68,1.9,69.3,139.9
Mosquera,CO,1571631517,51.8,93,40,3.36,4.71,-74.23
Zaraza,VE,1571631517,73.7,92,63,4.68,9.35,-65.33
Corbelia,BR,1571631517,66.54,96,100,3.96,-24.8,-53.31
Kidero,RU,1571631517,31.62,95,39,2.46,42.19,45.96
Biltine,TD,1571631518,82.0,59,95,4.68,14.53,20.93
Huilong,CN,1571631518,63.28,75,100,3.51,31.15,106.5
Belokurikha,RU,1571631519,14.37,94,100,3.02,52.0,84.99
Punta Umbria,ES,1571631519,52.0,71,0,5.99,37.18,-6.97
Bonga,ET,1571631519,53.06,99,22,0.83,7.26,36.25
Awjilah,LY,1571631520,67.22,73,0,9.06,29.14,21.3
Assiniboia,CA,1571631520,38.89,59,9,1.12,49.63,-105.99
Birao,CF,1571631520,72.55,88,100,3.22,10.3,22.78
Cartagena,ES,1571631521,59.0,67,100,2.24,37.63,-1.0
Ambilobe,MG,1571631521,70.16,80,0,5.91,-13.19,49.05
